<?xml version="1.0" encoding="UTF-8"?>
<project-private xmlns="http://www.netbeans.org/ns/project-private/1">
    <editor-bookmarks xmlns="http://www.netbeans.org/ns/editor-bookmarks/2" lastBookmarkId="0"/>
    <open-files xmlns="http://www.netbeans.org/ns/projectui-open-files/2">
        <group>
            <file>file:/home/supun/Documents/Supun/IIT/Semester%201/Software%20Development%20Principles%201-GUGSI/Course%20Work/Course%20Work%203/Edited%201/CW3/src/com/view/AddCustomerDetails.java</file>
            <file>file:/home/supun/Documents/Supun/IIT/Semester%201/Software%20Development%20Principles%201-GUGSI/Course%20Work/Course%20Work%203/Edited%201/CW3/src/com/view/AddPolicy.java</file>
            <file>file:/home/supun/Documents/Supun/IIT/Semester%201/Software%20Development%20Principles%201-GUGSI/Course%20Work/Course%20Work%203/Edited%201/CW3/src/com/view/AddClaim.java</file>
        </group>
    </open-files>
</project-private>
